id,label
0,715
1,1150
2,141
3,255
4,799
5,372
6,1138
7,302
8,241
9,160
10,151
11,549
12,1016
13,552
14,1196
15,385
16,619
17,1077
18,1011
19,1167
20,991
21,683
22,314
23,438
24,358
25,450
26,1037
27,531
28,39
29,507
30,472
31,524
32,1062
33,57
34,867
35,642
36,784
37,735
38,1162
39,724
40,945
41,240
42,625
43,406
44,87
45,418
46,917
47,278
48,805
49,161
50,915
51,250
52,821
53,837
54,325
55,1150
56,928
57,1028
58,626
59,709
60,932
61,493
62,941
63,1106
64,635
65,1120
66,492
67,695
68,1107
69,218
70,240
71,467
72,897
73,1087
74,581
75,449
76,1175
77,368
78,718
79,1208
80,880
81,72
82,377
83,891
84,991
85,428
86,5
87,881
88,102
89,511
90,280
91,29
92,456
93,663
94,1019
95,596
96,234
97,348
98,739
99,242
100,881
101,1049
102,969
103,613
104,560
105,224
106,1155
107,98
108,819
109,757
110,1069
111,631
112,895
113,1167
114,947
115,606
116,411
117,381
118,95
119,255
120,612
121,424
122,440
123,1076
124,270
125,1162
126,943
127,182
128,548
129,1158
130,510
131,401
132,963
133,32
134,569
135,108
136,50
137,70
138,991
139,518
140,477
141,451
142,1002
143,648
144,836
145,149
146,211
147,886
148,1169
149,1068
150,387
151,1128
152,514
153,509
154,894
155,1009
156,878
157,261
158,796
159,1047
160,691
161,507
162,976
163,745
164,471
165,735
166,1188
167,411
168,993
169,757
170,140
171,1136
172,901
173,1183
174,606
175,53
176,1167
177,250
178,539
179,535
180,767
181,800
182,650
183,562
184,753
185,588
186,698
187,686
188,20
189,884
190,1086
191,1167
192,541
193,31
194,404
195,766
196,732
197,231
198,980
199,1161
200,380
201,581
202,891
203,12
204,135
205,311
206,522
207,906
208,473
209,715
210,195
211,295
212,182
213,158
214,849
215,323
216,347
217,541
218,200
219,529
220,960
221,945
222,221
223,1191
224,721
225,625
226,1065
227,8
228,605
229,8
230,453
231,250
232,882
233,404
234,878
235,552
236,739
237,836
238,179
239,1209
240,1167
241,630
242,189
243,1167
244,959
245,760
246,467
247,511
248,1049
249,1206
250,979
251,682
252,761
253,709
254,484
255,878
256,629
257,1136
258,300
259,730
260,443
261,406
262,1155
263,1162
264,894
265,510
266,510
267,485
268,964
269,900
270,751
271,1098
272,1083
273,907
274,1135
275,185
276,1075
277,380
278,972
279,1037
280,1193
281,406
282,520
283,512
284,606
285,590
286,680
287,126
288,986
289,698
290,1193
291,462
292,172
293,597
294,625
295,584
296,1060
297,10
298,511
299,1144
300,945
301,625
302,1144
303,404
304,469
305,4
306,1009
307,611
308,315
309,751
310,1105
311,127
312,355
313,159
314,775
315,948
316,520
317,1124
318,219
319,253
320,146
321,697
322,53
323,1209
324,954
325,497
326,80
327,1062
328,792
329,667
330,696
331,317
332,729
333,1167
334,465
335,23
336,136
337,268
338,68
339,418
340,967
341,268
342,510
343,299
344,1022
345,1089
346,458
347,253
348,511
349,1070
350,542
351,1026
352,1201
353,904
354,1010
355,97
356,812
357,1040
358,407
359,1192
360,901
361,408
362,1162
363,424
364,613
365,579
366,738
367,157
368,908
369,52
370,738
371,1011
372,586
373,631
374,1029
375,465
376,451
377,810
378,512
379,1098
380,870
381,375
382,929
383,350
384,26
385,467
386,991
387,697
388,324
389,71
390,719
391,833
392,510
393,1167
394,1078
395,47
396,898
397,946
398,297
399,280
400,1150
401,655
402,388
403,256
404,407
405,627
406,305
407,296
408,423
409,371
410,359
411,517
412,582
413,905
414,999
415,467
416,148
417,676
418,1020
419,1166
420,191
421,902
422,1193
423,441
424,490
425,991
426,961
427,925
428,1129
429,1046
430,935
431,170
432,1079
433,551
434,456
435,520
436,118
437,1131
438,293
439,255
440,1162
441,979
442,286
443,435
444,268
445,659
446,115
447,1035
448,225
449,1197
450,1200
451,889
452,563
453,273
454,919
455,255
456,97
457,403
458,645
459,1126
460,684
461,889
462,411
463,1144
464,670
465,474
466,955
467,1130
468,1171
469,70
470,900
471,488
472,917
473,417
474,98
475,759
476,886
477,1107
478,355
479,464
480,250
481,515
482,149
483,135
484,585
485,606
486,1160
487,92
488,618
489,994
490,290
491,203
492,345
493,1039
494,349
495,710
496,1004
497,823
498,516
499,582
500,829
501,900
502,203
503,373
504,1174
505,521
506,1037
507,1144
508,1012
509,1083
510,1162
511,468
512,841
513,83
514,557
515,857
516,208
517,1063
518,973
519,845
520,766
521,507
522,275
523,936
524,262
525,836
526,206
527,894
528,542
529,308
530,833
531,234
532,458
533,891
534,97
535,140
536,635
537,303
538,1019
539,772
540,1054
541,1092
542,271
543,923
544,700
545,1043
546,423
547,465
548,819
549,635
550,328
551,1056
552,526
553,750
554,690
555,109
556,386
557,931
558,397
559,228
560,144
561,1179
562,227
563,201
564,897
565,609
566,1120
567,43
568,170
569,497
570,144
571,550
572,1028
573,693
574,172
575,834
576,724
577,359
578,785
579,1046
580,157
581,580
582,459
583,701
584,514
585,5
586,894
587,1146
588,1091
589,717
590,235
591,259
592,640
593,423
594,992
595,779
596,57
597,152
598,1060
599,592
600,907
601,400
602,514
603,1162
604,668
605,14
606,386
607,1001
608,614
609,467
610,530
611,830
612,675
613,606
614,606
615,619
616,556
617,336
618,17
619,426
620,551
621,384
622,1177
623,878
624,652
625,143
626,137
627,688
628,140
629,867
630,280
631,417
632,1190
633,478
634,432
635,367
636,1070
637,1020
638,818
639,564
640,516
641,606
642,685
643,458
644,591
645,232
646,615
647,734
648,813
649,125
650,514
651,516
652,114
653,1056
654,1211
655,742
656,327
657,1120
658,674
659,491
660,1085
661,841
662,354
663,1068
664,1151
665,440
666,1212
667,606
668,621
669,362
670,398
671,346
672,945
673,909
674,64
675,174
676,114
677,981
678,833
679,589
680,318
681,494
682,771
683,960
684,893
685,512
686,28
687,910
688,365
689,480
690,275
691,24
692,229
693,26
694,110
695,866
696,533
697,1062
698,1174
699,596
700,378
701,575
702,9
703,1008
704,117
705,548
706,745
707,406
708,366
709,660
710,662
711,244
712,717
713,1145
714,117
715,604
716,132
717,992
718,1057
719,543
720,528
721,140
722,951
723,1082
724,366
725,714
726,625
727,151
728,535
729,478
730,1052
731,672
732,162
733,147
734,667
735,327
736,118
737,1069
738,1179
739,489
740,325
741,467
742,193
743,592
744,1097
745,49
746,945
747,230
748,796
749,826
750,77
751,362
752,1061
753,1167
754,348
755,273
756,637
757,604
758,74
759,153
760,878
761,373
762,548
763,412
764,323
765,328
766,1167
767,966
768,1079
769,1165
770,510
771,687
772,135
773,81
774,482
775,1009
776,1180
777,807
778,1039
779,182
780,1162
781,1166
782,501
783,1057
784,625
785,125
786,400
787,514
788,779
789,1212
790,602
791,150
792,18
793,125
794,445
795,239
796,147
797,55
798,1162
799,510
800,808
801,954
802,735
803,1195
804,220
805,642
806,716
807,196
808,8
809,666
810,386
811,1144
812,590
813,73
814,766
815,9
816,514
817,1031
818,1040
819,714
820,1126
821,683
822,1166
823,569
824,208
825,514
826,358
827,226
828,1169
829,991
830,1118
831,203
832,406
833,118
834,936
835,13
836,845
837,1099
838,373
839,422
840,427
841,767
842,625
843,741
844,165
845,385
846,1167
847,379
848,343
849,55
850,466
851,1162
852,1073
853,216
854,924
855,951
856,507
857,609
858,396
859,664
860,1118
861,777
862,960
863,136
864,878
865,15
866,261
867,789
868,216
869,128
870,1049
871,696
872,205
873,348
874,369
875,1152
876,952
877,93
878,222
879,20
880,1098
881,1021
882,1162
883,471
884,878
885,844
886,678
887,1171
888,1103
889,507
890,587
891,263
892,611
893,512
894,1037
895,1210
896,1171
897,1124
898,926
899,397
900,120
901,998
902,864
903,155
904,786
905,1177
906,416
907,767
908,1162
909,1067
910,353
911,139
912,1116
913,641
914,878
915,885
916,586
917,587
918,954
919,1090
920,23
921,977
922,513
923,875
924,203
925,167
926,278
927,1068
928,9
929,537
930,765
931,8
932,238
933,1027
934,352
935,648
936,452
937,381
938,1201
939,206
940,56
941,1158
942,936
943,525
944,555
945,594
946,84
947,177
948,473
949,142
950,998
951,987
952,678
953,825
954,657
955,129
956,52
957,463
958,521
959,325
960,1002
961,46
962,911
963,837
964,374
965,177
966,364
967,144
968,175
969,507
970,406
971,1037
972,62
973,821
974,746
975,1050
976,410
977,904
978,510
979,48
980,308
981,503
982,1
983,381
984,1086
985,482
986,1167
987,924
988,895
989,562
990,399
991,147
992,716
993,512
994,401
995,65
996,117
997,150
998,156
999,908
1000,636
1001,374
1002,507
1003,912
1004,797
1005,186
1006,1123
1007,537
1008,462
1009,684
1010,380
1011,911
1012,260
1013,1162
1014,892
1015,924
1016,415
1017,391
1018,1010
1019,751
1020,815
1021,1177
1022,212
1023,550
1024,88
1025,796
1026,100
1027,457
1028,625
1029,799
1030,359
1031,111
1032,344
1033,1212
1034,1188
1035,925
1036,83
1037,551
1038,967
1039,909
1040,73
1041,179
1042,510
1043,1147
1044,950
1045,858
1046,596
1047,676
1048,358
1049,1079
1050,836
1051,560
1052,203
1053,287
1054,1060
1055,717
1056,842
1057,1101
1058,413
1059,882
1060,657
1061,406
1062,8
1063,881
1064,427
1065,138
1066,618
1067,22
1068,850
1069,608
1070,773
1071,544
1072,1176
1073,458
1074,182
1075,925
1076,609
1077,764
1078,961
1079,280
1080,28
1081,700
1082,930
1083,661
1084,381
1085,691
1086,628
1087,55
1088,1113
1089,290
1090,438
1091,203
1092,340
1093,510
1094,241
1095,301
1096,686
1097,1155
1098,939
1099,1002
1100,248
1101,1173
1102,992
1103,741
1104,510
1105,1048
1106,1032
1107,1087
1108,995
1109,671
1110,1099
1111,658
1112,721
1113,478
1114,417
1115,262
1116,27
1117,909
1118,54
1119,534
1120,13
1121,1080
1122,619
1123,820
1124,1131
1125,1131
1126,1063
1127,814
1128,588
1129,224
1130,1116
1131,688
1132,1117
1133,1162
1134,12
1135,1076
1136,625
1137,386
1138,314
1139,385
1140,149
1141,1162
1142,1186
1143,351
1144,1111
1145,1191
1146,711
1147,1034
1148,510
1149,510
1150,903
1151,249
1152,131
1153,189
1154,441
1155,894
1156,29
1157,501
1158,1037
1159,1119
1160,185
1161,1085
1162,40
1163,1161
1164,1152
1165,972
1166,643
1167,863
1168,620
1169,8
1170,909
1171,237
1172,264
1173,386
1174,440
1175,115
1176,868
1177,408
1178,475
1179,34
1180,885
1181,1176
1182,57
1183,560
1184,514
1185,865
1186,782
1187,708
1188,1128
1189,497
1190,626
1191,63
1192,685
1193,679
1194,93
1195,12
1196,945
1197,100
1198,927
1199,256
1200,566
1201,1062
1202,820
1203,148
1204,86
1205,526
1206,371
1207,759
1208,1036
1209,709
1210,28
1211,323
1212,386
1213,1160
1214,477
1215,873
1216,551
1217,348
1218,520
1219,579
1220,321
1221,1167
1222,409
1223,792
1224,167
1225,894
1226,132
1227,1108
1228,1209
1229,1027
1230,900
1231,1058
1232,29
1233,771
1234,973
1235,1033
1236,8
1237,241
1238,40
1239,373
1240,1177
1241,1093
1242,991
1243,327
1244,1029
1245,704
1246,968
1247,711
1248,644
1249,1150
1250,785
1251,606
1252,1166
1253,1014
1254,1167
1255,625
1256,514
1257,1182
1258,1010
1259,267
1260,318
1261,407
1262,555
1263,146
1264,386
1265,807
1266,405
1267,658
1268,9
1269,841
1270,752
1271,423
1272,625
1273,900
1274,1027
1275,977
1276,807
1277,793
1278,848
1279,891
1280,279
1281,625
1282,590
1283,142
1284,883
1285,528
1286,992
1287,1032
1288,98
1289,729
1290,569
1291,379
1292,940
1293,100
1294,234
1295,998
1296,296
1297,1177
1298,679
1299,708
1300,1162
1301,1023
1302,724
1303,13
1304,684
1305,991
1306,729
1307,1177
1308,47
1309,514
1310,731
1311,579
1312,551
1313,688
1314,142
1315,83
1316,945
1317,696
1318,89
1319,845
1320,171
1321,1037
1322,713
1323,157
1324,597
1325,16
1326,706
1327,562
1328,332
1329,788
1330,368
1331,150
1332,1046
1333,34
1334,141
1335,541
1336,255
1337,304
1338,618
1339,704
1340,879
1341,817
1342,117
1343,536
1344,1142
1345,1162
1346,688
1347,1174
1348,308
1349,251
1350,45
1351,935
1352,847
1353,382
1354,115
1355,25
1356,437
1357,140
1358,144
1359,1177
1360,507
1361,293
1362,315
1363,239
1364,1002
1365,1188
1366,557
1367,609
1368,1051
1369,584
1370,447
1371,9
1372,140
1373,357
1374,107
1375,526
1376,484
1377,14
1378,317
1379,492
1380,207
1381,985
1382,1209
1383,823
1384,1158
1385,835
1386,381
1387,540
1388,1069
1389,423
1390,1211
1391,772
1392,695
1393,328
1394,478
1395,404
1396,623
1397,48
1398,467
1399,625
1400,604
1401,891
1402,945
1403,533
1404,694
1405,764
1406,832
1407,1189
1408,625
1409,275
1410,1191
1411,724
1412,412
1413,165
1414,797
1415,545
1416,9
1417,862
1418,404
1419,625
1420,1079
1421,3
1422,1077
1423,1064
1424,24
1425,677
1426,305
1427,447
1428,651
1429,936
1430,1132
1431,375
1432,258
1433,473
1434,256
1435,790
1436,353
1437,407
1438,917
1439,1136
1440,722
1441,710
1442,1162
1443,62
1444,469
1445,716
1446,842
1447,1011
1448,625
1449,624
1450,669
1451,670
1452,31
1453,669
1454,925
1455,606
1456,289
1457,31
1458,814
1459,991
1460,408
1461,393
1462,413
1463,1195
1464,509
1465,326
1466,892
1467,410
1468,1171
1469,909
1470,134
1471,1127
1472,514
1473,877
1474,782
1475,344
1476,762
1477,1177
1478,494
1479,1008
1480,801
1481,467
1482,820
1483,661
1484,1037
1485,576
1486,425
1487,176
1488,791
1489,1043
1490,473
1491,560
1492,333
1493,405
1494,759
1495,514
1496,561
1497,381
1498,514
1499,632
1500,201
1501,823
1502,835
1503,896
1504,757
1505,407
1506,528
1507,386
1508,1121
1509,967
1510,501
1511,117
1512,922
1513,676
1514,1167
1515,22
1516,652
1517,847
1518,179
1519,89
1520,419
1521,206
1522,155
1523,982
1524,1037
1525,817
1526,848
1527,124
1528,231
1529,1110
1530,386
1531,129
1532,507
1533,969
1534,771
1535,42
1536,896
1537,475
1538,744
1539,487
1540,182
1541,215
1542,534
1543,1001
1544,219
1545,825
1546,23
1547,789
1548,479
1549,487
1550,588
1551,1174
1552,1020
1553,368
1554,1195
1555,987
1556,870
1557,745
1558,227
1559,62
1560,507
1561,1173
1562,1200
1563,406
1564,82
1565,676
1566,132
1567,921
1568,1109
1569,423
1570,910
1571,560
1572,746
1573,794
1574,705
1575,522
1576,889
1577,12
1578,1065
1579,625
1580,315
1581,1087
1582,926
1583,54
1584,1028
1585,885
1586,1148
1587,456
1588,875
1589,6
1590,280
1591,117
1592,406
1593,365
1594,472
1595,824
1596,1041
1597,802
1598,372
1599,638
1600,288
1601,257
1602,78
1603,884
1604,925
1605,299
1606,1184
1607,300
1608,251
1609,389
1610,215
1611,660
1612,561
1613,792
1614,894
1615,286
1616,536
1617,167
1618,276
1619,54
1620,1059
1621,342
1622,168
1623,148
1624,747
1625,467
1626,1155
1627,380
1628,741
1629,137
1630,368
1631,137
1632,76
1633,537
1634,511
1635,760
1636,1167
1637,385
1638,291
1639,468
1640,186
1641,37
1642,24
1643,237
1644,931
1645,4
1646,341
1647,928
1648,870
1649,8
1650,900
1651,666
1652,1123
1653,1066
1654,661
1655,423
1656,911
1657,606
1658,725
1659,922
1660,8
1661,11
1662,571
1663,822
1664,209
1665,723
1666,489
1667,202
1668,1029
1669,1173
1670,782
1671,1110
1672,3
1673,209
1674,715
1675,625
1676,317
1677,1167
1678,368
1679,719
1680,625
1681,1049
1682,100
1683,700
1684,943
1685,287
1686,459
1687,264
1688,1021
1689,467
1690,925
1691,1038
1692,808
1693,364
1694,964
1695,75
1696,65
1697,781
1698,199
1699,1005
1700,27
1701,991
1702,1103
1703,1205
1704,1031
1705,220
1706,562
1707,1171
1708,1124
1709,10
1710,323
1711,629
1712,625
1713,407
1714,925
1715,87
1716,367
1717,896
1718,874
1719,1006
1720,614
1721,150
1722,1211
1723,1008
1724,157
1725,1084
1726,743
1727,975
1728,865
1729,552
1730,1081
1731,914
1732,405
1733,41
1734,1195
1735,327
1736,1077
1737,704
1738,1188
1739,243
1740,726
1741,105
1742,1116
1743,1196
1744,616
1745,218
1746,557
1747,1150
1748,748
1749,853
1750,997
1751,694
1752,807
1753,1132
1754,707
1755,120
1756,77
1757,947
1758,623
1759,625
1760,470
1761,1178
1762,891
1763,398
1764,698
1765,1041
1766,891
1767,540
1768,658
1769,405
1770,173
1771,72
1772,780
1773,101
1774,787
1775,490
1776,467
1777,634
1778,997
1779,739
1780,449
1781,341
1782,527
1783,164
1784,373
1785,34
1786,1156
1787,767
1788,964
1789,509
1790,487
1791,1133
1792,822
1793,216
1794,427
1795,735
1796,601
1797,893
1798,861
1799,404
1800,343
1801,137
1802,324
1803,295
1804,605
1805,943
1806,995
1807,1046
1808,908
1809,467
1810,803
1811,883
1812,610
1813,1063
1814,190
1815,1177
1816,373
1817,931
1818,851
1819,864
1820,569
1821,718
1822,1098
1823,993
1824,352
1825,1048
1826,520
1827,684
1828,1136
1829,723
1830,230
1831,215
1832,751
1833,862
1834,846
1835,168
1836,650
1837,1029
1838,735
1839,440
1840,726
1841,1162
1842,615
1843,1167
1844,1113
1845,604
1846,522
1847,282
1848,625
1849,510
1850,586
1851,96
1852,32
1853,164
1854,462
1855,265
1856,207
1857,456
1858,773
1859,684
1860,250
1861,111
1862,1152
1863,348
1864,386
1865,562
1866,43
1867,1057
1868,111
1869,699
1870,968
1871,895
1872,416
1873,670
1874,604
1875,327
1876,701
1877,332
1878,553
1879,573
1880,1117
1881,481
1882,597
1883,318
1884,135
1885,1212
1886,664
1887,321
1888,817
1889,1105
1890,630
1891,319
1892,560
1893,1132
1894,838
1895,628
1896,406
1897,933
1898,841
1899,522
1900,1167
1901,1004
1902,720
1903,845
1904,153
1905,416
1906,378
1907,378
1908,350
1909,28
1910,456
1911,279
1912,937
1913,789
1914,87
1915,9
1916,306
1917,654
1918,710
1919,310
1920,1056
1921,1043
1922,655
1923,726
1924,188
1925,408
1926,313
1927,589
1928,105
1929,669
1930,997
1931,540
1932,1119
1933,474
1934,553
1935,805
1936,224
1937,486
1938,9
1939,467
1940,62
1941,209
1942,754
1943,1200
1944,170
1945,33
1946,139
1947,1150
1948,401
1949,456
1950,242
1951,469
1952,338
1953,609
1954,941
1955,1106
1956,34
1957,143
1958,1065
1959,543
1960,519
1961,1173
1962,475
1963,200
1964,70
1965,299
1966,548
1967,963
1968,1193
1969,802
1970,520
1971,626
1972,179
1973,708
1974,458
1975,625
1976,814
1977,853
1978,770
1979,1176
1980,629
1981,62
1982,42
1983,1035
1984,134
1985,1080
1986,563
1987,1138
1988,802
1989,605
1990,1065
1991,1162
1992,1173
1993,625
1994,45
1995,625
1996,514
1997,642
1998,141
1999,786
2000,198
2001,731
2002,798
2003,277
2004,131
2005,71
2006,487
2007,181
2008,448
2009,12
2010,659
2011,973
2012,151
2013,1030
2014,169
2015,625
2016,720
2017,938
2018,95
2019,34
2020,758
2021,601
2022,1087
2023,799
2024,404
2025,1139
2026,580
2027,238
2028,841
2029,1174
2030,1139
2031,1212
2032,1107
2033,758
2034,162
2035,992
2036,326
2037,959
2038,9
2039,623
2040,34
2041,402
2042,257
2043,1168
2044,671
2045,398
2046,588
2047,331
2048,467
2049,189
2050,841
2051,211
2052,1182
2053,151
2054,1064
2055,917
2056,510
2057,622
2058,480
2059,682
2060,512
2061,330
2062,447
2063,723
2064,891
2065,820
2066,440
2067,423
2068,735
2069,1162
2070,438
2071,14
2072,1184
2073,871
2074,1099
2075,625
2076,546
2077,133
2078,584
2079,652
2080,1105
2081,666
2082,560
2083,803
2084,1199
2085,496
2086,1212
2087,317
2088,153
2089,1143
2090,339
2091,556
2092,557
2093,697
2094,845
2095,996
2096,492
2097,204
2098,131
2099,698
2100,708
2101,286
2102,951
2103,625
2104,507
2105,1171
2106,1184
2107,728
2108,676
2109,1200
2110,144
2111,505
2112,292
2113,764
2114,1061
2115,985
2116,80
2117,1089
2118,365
2119,688
2120,1083
2121,1027
2122,732
2123,1162
2124,625
2125,1188
2126,625
2127,247
2128,463
2129,73
2130,625
2131,367
2132,50
2133,332
2134,71
2135,381
2136,1016
2137,929
2138,392
2139,170
2140,689
2141,1001
2142,350
2143,407
2144,882
2145,57
2146,975
2147,283
2148,1095
2149,435
2150,791
2151,924
2152,752
2153,1184
2154,42
2155,760
2156,111
2157,897
2158,219
2159,740
2160,93
2161,53
2162,921
2163,625
2164,724
2165,692
2166,990
2167,1204
2168,778
2169,1212
2170,1072
2171,772
2172,722
2173,1209
2174,456
2175,314
2176,421
2177,750
2178,55
2179,514
2180,240
2181,951
2182,265
2183,551
2184,177
2185,121
2186,487
2187,708
2188,542
2189,327
2190,596
2191,136
2192,610
2193,514
2194,130
2195,520
2196,63
2197,360
2198,1076
2199,761
2200,930
2201,805
2202,95
2203,378
2204,916
2205,43
2206,973
2207,377
2208,751
2209,1119
2210,533
2211,974
2212,1057
2213,512
2214,781
2215,369
2216,221
2217,816
2218,929
2219,93
2220,706
2221,597
2222,738
2223,503
2224,526
2225,690
2226,410
2227,1185
2228,1130
2229,301
2230,420
2231,255
2232,911
2233,71
2234,382
2235,115
2236,311
2237,467
2238,149
2239,886
2240,190
2241,57
2242,392
2243,65
2244,733
2245,870
2246,18
2247,525
2248,1101
2249,665
2250,336
2251,743
2252,404
2253,740
2254,96
2255,907
2256,904
2257,711
2258,541
2259,469
2260,292
2261,125
2262,1192
2263,64
2264,948
2265,717
2266,25
2267,507
2268,1182
2269,620
2270,142
2271,1018
2272,138
2273,895
2274,983
2275,249
2276,624
2277,487
2278,1193
2279,204
2280,1113
2281,1046
2282,353
2283,43
2284,513
2285,238
2286,191
2287,1088
2288,865
2289,122
2290,1018
2291,1133
2292,203
2293,917
2294,1047
2295,266
2296,1061
2297,423
2298,505
2299,239
2300,893
2301,1144
2302,602
2303,642
2304,1194
2305,378
2306,792
2307,406
2308,189
2309,932
2310,482
2311,239
2312,92
2313,1005
2314,510
2315,1136
2316,733
2317,57
2318,355
2319,741
2320,310
2321,534
2322,878
2323,283
2324,1130
2325,710
2326,932
2327,190
2328,783
2329,939
2330,194
2331,777
2332,230
2333,1162
2334,753
2335,214
2336,1060
2337,655
2338,230
2339,1079
2340,74
2341,423
2342,431
2343,435
2344,176
2345,788
2346,604
2347,464
2348,722
2349,603
2350,1033
2351,39
2352,998
2353,9
2354,948
2355,562
2356,607
2357,744
2358,535
2359,265
2360,1069
2361,35
2362,215
2363,565
2364,116
2365,199
2366,885
2367,140
2368,976
2369,992
2370,210
2371,1069
2372,969
2373,973
2374,738
2375,559
2376,302
2377,870
2378,383
2379,1162
2380,270
2381,945
2382,891
2383,669
2384,423
2385,1136
2386,145
2387,158
2388,1144
2389,14
2390,904
2391,749
2392,308
2393,187
2394,381
2395,1005
2396,890
2397,1193
2398,510
2399,446
2400,844
2401,1173
2402,698
2403,347
2404,489
2405,1184
2406,293
2407,653
2408,48
2409,1038
2410,763
2411,282
2412,213
2413,1135
2414,1212
2415,480
2416,612
2417,450
2418,1162
2419,504
2420,156
2421,241
2422,873
2423,386
2424,1104
2425,323
2426,725
2427,1138
2428,23
2429,97
2430,954
2431,1162
2432,423
2433,159
2434,1068
2435,190
2436,1037
2437,897
2438,625
2439,886
2440,891
2441,300
2442,252
2443,222
2444,759
2445,876
2446,882
2447,625
2448,625
2449,1042
2450,975
2451,535
2452,998
2453,451
2454,1096
2455,547
2456,735
2457,93
2458,342
2459,1160
2460,572
2461,1177
2462,42
2463,625
2464,866
2465,584
2466,953
2467,383
2468,301
2469,974
2470,562
2471,967
2472,696
2473,1167
2474,656
2475,235
2476,667
2477,924
2478,753
2479,406
2480,235
2481,315
2482,1212
2483,250
2484,992
2485,230
2486,72
2487,755
2488,509
2489,190
2490,212
2491,833
2492,166
2493,383
2494,1161
2495,205
2496,356
2497,99
2498,156
2499,370
2500,620
2501,870
2502,205
2503,427
2504,19
2505,289
2506,328
2507,152
2508,870
2509,184
2510,800
2511,383
2512,458
2513,896
2514,184
2515,884
2516,451
2517,1101
2518,797
2519,1071
2520,845
2521,115
2522,118
2523,522
2524,754
2525,1102
2526,835
2527,310
2528,1096
2529,288
2530,509
2531,708
2532,879
2533,1122
2534,594
2535,434
2536,687
2537,682
2538,100
2539,75
2540,1191
2541,706
2542,954
2543,405
2544,975
2545,60
2546,1060
2547,984
2548,514
2549,328
2550,255
2551,1075
2552,796
2553,792
2554,161
2555,646
2556,386
2557,1140
2558,860
2559,923
2560,513
2561,528
2562,773
2563,508
2564,454
2565,403
2566,994
2567,986
2568,12
2569,659
2570,514
2571,87
2572,60
2573,443
2574,126
2575,732
2576,520
2577,507
2578,498
2579,765
2580,458
2581,609
2582,443
2583,650
2584,294
2585,996
2586,1067
2587,1135
2588,712
2589,217
2590,61
2591,144
2592,1180
2593,562
2594,1162
2595,146
2596,901
2597,407
2598,175
2599,162
2600,891
2601,211
2602,1046
2603,405
2604,38
2605,594
2606,1092
2607,454
2608,1203
2609,1167
2610,5
2611,1108
2612,819
2613,623
2614,1095
2615,284
2616,676
2617,404
2618,1081
2619,36
2620,536
2621,295
2622,1175
2623,1162
2624,306
2625,395
2626,1212
2627,477
2628,209
2629,1048
2630,179
2631,497
2632,684
2633,1043
2634,38
2635,47
2636,500
2637,1006
2638,718
2639,94
2640,529
2641,13
2642,1160
2643,423
2644,672
2645,667
2646,769
2647,425
2648,879
2649,919
2650,275
2651,1193
2652,310
2653,1096
2654,402
2655,45
2656,371
2657,585
2658,533
2659,204
2660,227
2661,26
2662,458
2663,1190
2664,507
2665,891
2666,531
2667,400
2668,872
2669,1042
2670,128
2671,605
2672,615
2673,953
2674,351
2675,1104
2676,872
2677,510
2678,177
2679,1109
2680,625
2681,962
2682,647
2683,266
2684,672
2685,555
2686,826
2687,1097
2688,583
2689,50
2690,467
2691,355
2692,507
2693,1063
2694,395
2695,257
2696,1161
2697,362
2698,184
2699,14
2700,214
2701,80
2702,468
2703,420
2704,1000
2705,57
2706,1139
2707,398
2708,723
2709,625
2710,54
2711,735
2712,45
2713,137
2714,164
2715,37
2716,837
2717,1028
2718,362
2719,550
2720,1060
2721,427
2722,1162
2723,1028
2724,304
2725,345
2726,731
2727,1042
2728,806
2729,43
2730,1158
2731,470
2732,523
2733,620
2734,34
2735,685
2736,1204
2737,133
2738,996
2739,407
2740,28
2741,906
2742,28
2743,331
2744,517
2745,143
2746,879
2747,407
2748,830
2749,297
2750,1185
2751,1077
2752,716
2753,283
2754,290
2755,706
2756,814
2757,863
2758,1033
2759,699
2760,1162
2761,887
2762,15
2763,1149
2764,783
2765,378
2766,254
2767,683
2768,639
2769,1056
2770,745
2771,917
2772,479
2773,1121
2774,16
2775,1035
2776,224
2777,1036
2778,147
2779,355
2780,841
2781,177
2782,267
2783,1175
2784,1042
2785,21
2786,1078
2787,756
2788,680
2789,577
2790,147
2791,115
2792,370
2793,212
2794,374
2795,297
2796,757
2797,1193
2798,1017
2799,236
2800,481
2801,480
2802,115
2803,497
2804,23
2805,735
2806,1069
2807,1025
2808,406
2809,642
2810,1139
2811,529
2812,759
2813,1147
2814,402
2815,873
2816,705
2817,1171
2818,274
2819,344
2820,745
2821,693
2822,582
2823,1173
2824,245
2825,667
2826,458
2827,688
2828,126
2829,207
2830,397
2831,465
2832,34
2833,233
2834,891
2835,868
2836,1080
2837,1087
2838,554
2839,887
2840,441
2841,1146
2842,749
2843,1136
2844,386
2845,207
2846,987
2847,877
2848,303
2849,989
2850,565
2851,607
2852,765
2853,817
2854,135
2855,419
2856,810
2857,1121
2858,734
2859,845
2860,13
2861,29
2862,55
2863,480
2864,1067
2865,781
2866,401
2867,236
2868,604
2869,1127
2870,892
2871,894
2872,61
2873,1199
2874,177
2875,428
2876,194
2877,729
2878,255
2879,544
2880,8
2881,451
2882,259
2883,985
2884,884
2885,70
2886,488
2887,1148
2888,304
2889,1069
2890,406
2891,571
2892,735
2893,198
2894,1173
2895,433
2896,686
2897,883
2898,13
2899,673
2900,205
2901,373
2902,265
2903,295
2904,175
2905,454
2906,840
2907,839
2908,203
2909,1090
2910,539
2911,9
2912,1096
2913,526
2914,393
2915,661
2916,609
2917,378
2918,303
2919,467
2920,47
2921,747
2922,923
2923,723
2924,1212
2925,30
2926,689
2927,721
2928,992
2929,973
2930,335
2931,960
2932,397
2933,327
2934,668
2935,368
2936,264
2937,144
2938,341
2939,262
2940,986
2941,940
2942,467
2943,727
2944,391
2945,490
2946,1193
2947,278
2948,1212
2949,26
2950,774
2951,630
2952,589
2953,1158
2954,1127
2955,525
2956,1161
2957,1158
2958,1097
2959,551
2960,856
2961,205
2962,1032
2963,763
2964,625
2965,726
2966,811
2967,426
2968,158
2969,977
2970,9
2971,137
2972,994
2973,323
2974,733
2975,406
2976,1177
2977,662
2978,1095
2979,1045
2980,443
2981,315
2982,1178
2983,542
2984,1049
2985,1135
2986,1001
2987,1048
2988,445
2989,625
2990,205
2991,36
2992,1145
2993,834
2994,167
2995,153
2996,577
2997,750
2998,185
2999,98
3000,61
3001,381
3002,244
3003,432
3004,3
3005,283
3006,463
3007,975
3008,1004
3009,405
3010,108
3011,794
3012,1167
3013,769
3014,1156
3015,794
3016,85
3017,92
3018,185
3019,829
3020,562
3021,89
3022,606
3023,1060
3024,793
3025,412
3026,99
3027,992
3028,542
3029,38
3030,899
3031,453
3032,949
3033,752
3034,337
3035,152
3036,907
3037,1003
3038,431
3039,1068
3040,1188
3041,301
3042,1167
3043,363
3044,30
3045,557
3046,1161
3047,870
3048,92
3049,121
3050,131
3051,625
3052,412
3053,200
3054,60
3055,1052
3056,1198
3057,326
3058,943
3059,1014
3060,78
3061,467
3062,689
3063,1067
3064,1166
3065,1150
3066,727
3067,815
3068,898
3069,86
3070,1166
3071,165
3072,69
3073,517
3074,325
3075,692
3076,759
3077,457
3078,142
3079,160
3080,75
3081,593
3082,263
3083,447
3084,741
3085,735
3086,1031
3087,698
3088,596
3089,491
3090,942
3091,909
3092,552
3093,437
3094,129
3095,1155
3096,1204
3097,1100
3098,965
3099,942
3100,917
3101,66
3102,307
3103,235
3104,769
3105,214
3106,989
3107,161
3108,339
3109,792
3110,584
3111,93
3112,585
3113,1040
3114,1111
3115,546
3116,423
3117,955
3118,788
3119,1212
3120,1003
3121,488
3122,134
3123,313
3124,708
3125,7
3126,835
3127,226
3128,31
3129,288
3130,153
3131,1080
3132,710
3133,451
3134,737
3135,47
3136,625
3137,462
3138,1029
3139,1160
3140,1
3141,404
3142,3
3143,849
3144,871
3145,1059
3146,1190
3147,1188
3148,796
3149,381
3150,223
3151,207
3152,1065
3153,783
3154,191
3155,8
3156,84
3157,360
3158,355
3159,594
3160,339
3161,301
3162,1058
3163,865
3164,1014
3165,144
3166,412
3167,1108
3168,487
3169,892
3170,406
3171,501
3172,629
3173,454
3174,918
3175,364
3176,870
3177,960
3178,593
3179,327
3180,690
3181,67
3182,625
3183,376
3184,851
3185,139
3186,141
3187,417
3188,1004
3189,1079
3190,170
3191,48
3192,881
3193,874
3194,561
3195,1137
3196,1026
3197,1167
3198,185
3199,67
3200,1020
3201,1097
3202,410
3203,759
3204,559
3205,880
3206,950
3207,810
3208,103
3209,336
3210,510
3211,459
3212,758
3213,814
3214,918
3215,368
3216,621
3217,68
3218,420
3219,1014
3220,900
3221,981
3222,89
3223,65
3224,507
3225,820
3226,842
3227,928
3228,147
3229,9
3230,577
3231,568
3232,923
3233,28
3234,170
3235,467
3236,941
3237,768
3238,116
3239,1176
3240,1173
3241,1009
3242,67
3243,86
3244,1043
3245,176
3246,1162
3247,467
3248,141
3249,9
3250,525
3251,115
3252,462
3253,309
3254,151
3255,956
3256,789
3257,567
3258,172
3259,1150
3260,939
3261,169
3262,697
3263,205
3264,1129
3265,897
3266,952
3267,744
3268,1029
3269,915
3270,933
3271,717
3272,458
3273,1181
3274,625
3275,671
3276,926
3277,838
3278,294
3279,785
3280,1014
3281,301
3282,419
3283,92
3284,495
3285,200
3286,179
3287,562
3288,399
3289,577
3290,1073
3291,922
3292,13
3293,1179
3294,467
3295,416
3296,1059
3297,922
3298,510
3299,46
3300,1002
3301,512
3302,1177
3303,333
3304,1090
3305,995
3306,501
3307,680
3308,64
3309,901
3310,51
3311,148
3312,789
3313,844
3314,806
3315,322
3316,638
3317,13
3318,38
3319,1174
3320,267
3321,1143
3322,202
3323,559
3324,1142
3325,19
3326,737
3327,774
3328,977
3329,729
3330,256
3331,1037
3332,587
3333,1177
3334,1162
3335,741
3336,55
3337,58
3338,806
3339,109
3340,591
3341,241
3342,688
3343,759
3344,859
3345,458
3346,866
3347,604
3348,263
3349,735
3350,842
3351,1196
3352,969
3353,1063
3354,911
3355,39
3356,507
3357,900
3358,533
3359,631
3360,1099
3361,1049
3362,881
3363,226
3364,115
3365,392
3366,589
3367,353
3368,954
3369,1184
3370,20
3371,101
3372,62
3373,912
3374,1096
3375,406
3376,693
3377,968
3378,946
3379,560
3380,530
3381,5
3382,987
3383,361
3384,758
3385,1055
3386,318
3387,31
3388,610
3389,394
3390,1041
3391,280
3392,43
3393,596
3394,767
3395,1197
3396,903
3397,140
3398,529
3399,539
3400,429
3401,131
3402,991
3403,656
3404,829
3405,423
3406,919
3407,1193
3408,227
3409,289
3410,1028
3411,1139
3412,1208
3413,7
3414,715
3415,55
3416,34
3417,458
3418,1001
3419,186
3420,74
3421,279
3422,1027
3423,439
3424,824
3425,221
3426,206
3427,762
3428,55
3429,178
3430,364
3431,1075
3432,645
3433,384
3434,1098
3435,416
3436,615
3437,685
3438,1173
3439,595
3440,505
3441,1103
3442,542
3443,1177
3444,406
3445,715
3446,458
3447,693
3448,648
3449,390
3450,360
3451,639
3452,575
3453,1181
3454,841
3455,1162
3456,558
3457,451
3458,171
3459,86
3460,279
3461,1184
3462,522
3463,953
3464,54
3465,795
3466,816
3467,573
3468,976
3469,635
3470,795
3471,321
3472,1068
3473,393
3474,1179
3475,786
3476,513
3477,674
3478,15
3479,618
3480,704
3481,978
3482,467
3483,598
3484,134
3485,862
3486,868
3487,423
3488,1191
3489,1151
3490,560
3491,1173
3492,748
3493,1049
3494,820
3495,891
3496,608
3497,775
3498,57
3499,860
3500,453
3501,606
3502,89
3503,205
3504,765
3505,517
3506,729
3507,412
3508,423
3509,910
3510,295
3511,203
3512,38
3513,611
3514,679
3515,404
3516,961
3517,5
3518,1171
3519,254
3520,420
3521,1138
3522,902
3523,88
3524,140
3525,269
3526,870
3527,636
3528,205
3529,404
3530,704
3531,632
3532,992
3533,422
3534,507
3535,1076
3536,48
3537,1198
3538,958
3539,215
3540,1177
3541,669
3542,152
3543,432
3544,510
3545,324
3546,208
3547,376
3548,8
3549,838
3550,236
3551,1150
3552,93
3553,861
3554,535
3555,785
3556,276
3557,1162
3558,1167
3559,14
3560,131
3561,1076
3562,1167
3563,1164
3564,1176
3565,381
3566,462
3567,384
3568,461
3569,911
3570,791
3571,1032
3572,514
3573,386
3574,409
3575,1166
3576,971
3577,250
3578,1071
3579,985
3580,900
3581,203
3582,1177
3583,673
3584,472
3585,590
3586,889
3587,735
3588,358
3589,1156
3590,519
3591,400
3592,618
3593,1162
3594,976
3595,291
3596,1184
3597,983
3598,193
3599,197
3600,1075
3601,79
3602,551
3603,744
3604,1168
3605,997
3606,328
3607,855
3608,582
3609,877
3610,1162
3611,947
3612,133
3613,745
3614,891
3615,1167
3616,223
3617,512
3618,471
3619,960
3620,420
3621,625
3622,995
3623,1016
3624,786
3625,1013
3626,625
3627,895
3628,934
3629,962
3630,928
3631,225
3632,1155
3633,473
3634,119
3635,965
3636,839
3637,556
3638,1156
3639,397
3640,8
3641,1185
3642,640
3643,197
3644,418
3645,1007
3646,224
3647,538
3648,735
3649,359
3650,1146
3651,61
3652,713
3653,192
3654,1207
3655,1119
3656,250
3657,180
3658,427
3659,780
3660,333
3661,1186
3662,407
3663,958
3664,1039
3665,826
3666,63
3667,1162
3668,519
3669,9
3670,735
3671,1081
3672,1105
3673,1143
3674,589
3675,348
3676,303
3677,984
3678,1193
3679,572
3680,174
3681,17
3682,58
3683,473
3684,126
3685,1132
3686,536
3687,358
3688,792
3689,1167
3690,142
3691,502
3692,240
3693,724
3694,608
3695,1137
3696,253
3697,572
3698,316
3699,659
3700,889
3701,647
3702,243
3703,44
3704,1088
3705,1072
3706,625
3707,976
3708,659
3709,125
3710,1068
3711,130
3712,710
3713,528
3714,92
3715,751
3716,1014
3717,836
3718,218
3719,100
3720,618
3721,780
3722,1117
3723,475
3724,225
3725,1191
3726,625
3727,253
3728,565
3729,1114
3730,1172
3731,792
3732,273
3733,74
3734,1132
3735,330
3736,407
3737,345
3738,124
3739,16
3740,29
3741,1173
3742,61
3743,177
3744,396
3745,287
3746,1
3747,406
3748,280
3749,759
3750,183
3751,475
3752,419
3753,1166
3754,34
3755,594
3756,793
3757,1063
3758,876
3759,424
3760,759
3761,744
3762,1188
3763,810
3764,612
3765,225
3766,205
3767,1213
3768,143
3769,576
3770,1167
3771,584
3772,124
3773,1189
3774,404
3775,881
3776,1177
3777,876
3778,134
3779,371
3780,5
3781,1021
3782,993
3783,464
3784,312
3785,1161
3786,141
3787,1053
3788,627
3789,1133
3790,74
3791,83
3792,17
3793,589
3794,511
3795,893
3796,1104
3797,98
3798,1163
3799,309
3800,593
3801,487
3802,765
3803,838
3804,775
3805,406
3806,13
3807,1200
3808,55
3809,867
3810,381
3811,404
3812,206
3813,1107
3814,574
3815,44
3816,418
3817,680
3818,423
3819,606
3820,637
3821,198
3822,1193
3823,406
3824,1162
3825,431
3826,431
3827,503
3828,266
3829,456
3830,621
3831,240
3832,242
3833,775
3834,771
3835,300
3836,445
3837,948
3838,562
3839,8
3840,318
3841,428
3842,182
3843,240
3844,457
3845,514
3846,604
3847,220
3848,586
3849,83
3850,507
3851,564
3852,118
3853,418
3854,42
3855,467
3856,418
3857,1171
3858,511
3859,757
3860,467
3861,133
3862,299
3863,677
3864,381
3865,464
3866,741
3867,680
3868,1156
3869,776
3870,60
3871,348
3872,1027
3873,637
3874,593
3875,180
3876,3
3877,3
3878,49
3879,467
3880,606
3881,505
3882,1063
3883,991
3884,191
3885,1167
3886,891
3887,513
3888,1043
3889,617
3890,241
3891,526
3892,570
3893,617
3894,115
3895,1096
3896,511
3897,1162
3898,489
3899,1188
3900,212
3901,489
3902,1004
3903,686
3904,393
3905,172
3906,844
3907,350
3908,452
3909,562
3910,448
3911,393
3912,602
3913,870
3914,411
3915,1177
3916,516
3917,598
3918,1083
3919,1092
3920,1095
3921,225
3922,257
3923,543
3924,380
3925,912
3926,432
3927,86
3928,567
3929,1160
3930,797
3931,510
3932,139
3933,792
3934,879
3935,297
3936,201
3937,900
3938,793
3939,341
3940,407
3941,608
3942,1173
3943,367
3944,1079
3945,485
3946,334
3947,423
3948,892
3949,745
3950,943
3951,552
3952,381
3953,503
3954,688
3955,362
3956,903
3957,402
3958,694
3959,603
3960,613
3961,357
3962,467
3963,327
3964,1035
3965,862
3966,955
3967,472
3968,467
3969,443
3970,991
3971,169
3972,1152
3973,1196
3974,1046
3975,1162
3976,618
3977,717
3978,195
3979,13
3980,1047
3981,789
3982,509
3983,866
3984,1030
3985,567
3986,110
3987,499
3988,1003
3989,536
3990,1084
3991,730
3992,748
3993,857
3994,688
3995,178
3996,1036
3997,514
3998,461
3999,178
4000,1089
4001,1212
4002,342
4003,1173
4004,560
4005,171
4006,365
4007,1033
4008,160
4009,1010
4010,856
4011,158
4012,1156
4013,5
4014,227
4015,209
4016,847
4017,387
4018,525
4019,180
4020,1085
4021,936
4022,356
4023,937
4024,764
4025,1136
4026,879
4027,545
4028,719
4029,601
4030,98
4031,733
4032,467
4033,754
4034,376
4035,1160
4036,510
4037,1020
4038,85
4039,467
4040,1062
4041,64
4042,190
4043,1056
4044,122
4045,309
4046,495
4047,784
4048,625
4049,57
4050,71
4051,208
4052,236
4053,1193
4054,1161
4055,795
4056,1200
4057,289
4058,441
4059,335
4060,618
4061,1059
4062,85
4063,1017
4064,716
4065,735
4066,467
4067,251
4068,407
4069,75
4070,857
4071,404
4072,399
4073,1194
4074,568
4075,1046
4076,9
4077,1169
4078,1072
4079,244
4080,729
4081,856
4082,246
4083,253
4084,143
4085,1193
4086,625
4087,862
4088,610
4089,929
4090,796
4091,650
4092,439
4093,554
4094,680
4095,992
4096,862
4097,134
4098,991
4099,716
4100,250
4101,1196
4102,57
4103,42
4104,119
4105,836
4106,605
4107,499
4108,796
4109,1056
4110,881
4111,852
4112,760
4113,195
4114,263
4115,285
4116,415
4117,86
4118,1188
4119,989
4120,60
4121,72
4122,551
4123,445
4124,311
4125,789
4126,184
4127,1064
4128,158
4129,542
4130,566
4131,418
4132,1064
4133,362
4134,369
4135,321
4136,839
4137,616
4138,529
4139,913
4140,116
4141,85
4142,549
4143,869
4144,854
4145,310
4146,1162
4147,239
4148,514
4149,870
4150,1167
4151,9
4152,507
4153,172
4154,1190
4155,461
4156,155
4157,953
4158,873
4159,702
4160,285
4161,1006
4162,866
4163,1156
4164,1196
4165,772
4166,1067
4167,580
4168,90
4169,359
4170,1096
4171,208
4172,311
4173,176
4174,204
4175,564
4176,1090
4177,164
4178,1074
4179,870
4180,128
4181,404
4182,854
4183,1205
4184,1038
4185,477
4186,236
4187,882
4188,34
4189,1028
4190,758
4191,525
4192,579
4193,17
4194,943
4195,1162
4196,783
4197,288
4198,861
4199,1026
4200,979
4201,335
4202,373
4203,207
4204,473
4205,713
4206,840
4207,631
4208,740
4209,268
4210,502
4211,482
4212,424
4213,205
4214,885
4215,261
4216,1104
4217,682
4218,1162
4219,33
4220,741
4221,969
4222,507
4223,70
4224,1162
4225,577
4226,1127
4227,13
4228,350
4229,370
4230,1135
4231,387
4232,156
4233,594
4234,1142
4235,393
4236,179
4237,260
4238,1162
4239,558
4240,777
4241,951
4242,329
